nitrogen,phosphorus,potassium,ph,temperature,humidity,rainfall,crop,yield_ton_per_hectare
80,45,30,6.5,28,70,1200,rice,4.0
60,30,20,7.0,22,60,500,wheat,1.9040000000000001
100,60,50,6.0,32,80,1500,maize,5.2
40,25,15,5.5,25,50,300,millets,0.23799999999999996
70,50,40,6.8,30,75,1000,rice,4.0
90,70,60,7.2,34,85,1800,cotton,2.5
50,35,25,5.8,20,55,400,wheat,1.3328
110,65,55,6.3,36,90,2000,rice,2.16
85,55,35,6.7,27,68,1100,maize,5.2
65,40,28,6.1,24,62,600,millets,0.68
